<xml> <group id="rulegroup1" description="" outputafteractions="false" validfrom="1900-01-01" validuntil="2500-12-31">	<subgroup id="subgroup_1" description="subgroup 1" ruleoperator="and"  intergroupoperator="and">	<rule id="countryCode is equal" description="">		<object classname="RowFieldCollection" method="getFieldValue" parametertype="string" parameter="toMergeCountryCode" type="string"/>		<object classname="RowFieldCollection" method="getFieldValue" parametertype="string" parameter="originalCountryCode" type="string"/>		<execute value="com.datamelt.rules.implementation.CheckIsEqual"/>		<message type="failed" text="Countries are different" />		<message type="passed" text="Countries are the same" />	</rule>	<rule id="registry sounds the same" description="">		<object classname="RowFieldCollection" method="getFieldValue" parametertype="string" parameter="toMergePublisher" type="string"/>		<object classname="RowFieldCollection" method="getFieldValue" parametertype="string" parameter="originalRegistryName" type="string"/>		<execute value="com.datamelt.rules.implementation.CheckSoundsLike"/>		<message type="failed" text="registries does not sound the same" />		<message type="passed" text="registries sounds the same" />	</rule>	</subgroup></group></xml>